시점,행정구역(시군구)별,성별,계,20 - 24세,25 - 29세,30 - 34세,35 - 39세,65 - 69세,70 - 74세,75 - 79세,80세 이상,80 - 84세,85세 이상,85 - 89세,90 - 94세,95 - 99세,100세 이상
2021,전국,계,51333252.5,3175015,3529975,3162503.5,3590685.5,2881870,2075136.5,1597970,2022853.5,1163257.5,859596,603274.5,205711,44029,6581.5
2021,전국,여자,25744150.5,1520708.5,1665041.5,1515957,1753789.5,1490906.5,1104706.5,909528,1343569.5,723885.5,619684,419029,159253.5,35840,5561.5
2021,서울특별시,계,9453878,613102.5,819668.5,725415,718262.5,535174,392366.5,293549.5,319793.5,189601,130192.5,90257.5,31768.5,7074.5,1092
2021,서울특별시,여자,4860124,321343,419394.5,363209.5,358714.5,284667,211888,161783,200762,111090,89672,59591,23666.5,5538,876.5
2021,종로구,계,142767,10138,12777,10079.5,9334.5,8217.5,6154.5,5312,6652,3857.5,2794.5,1903,687.5,178.5,25.5
2021,종로구,여자,73381,5466,6286.5,5008.5,4733,4161,3341.5,3029,4080,2270,1810,1179,491,122,18
2021,중구,계,120430.5,7453,10855,10133,9599,7434,5538.5,4506,5391.5,3082,2309.5,1564.5,600.5,128,16.5
2021,중구,여자,61692,4060.5,5641.5,5104.5,4782,3781,2950,2559,3499,1881.5,1617.5,1075.5,435.5,95.5,11
2021,용산구,계,218385.5,13372.5,19392.5,19090.5,18157.5,11517.5,8474.5,6996.5,9182,5247.5,3934.5,2691.5,978.5,229.5,35
2021,용산구,여자,112961,7135,10116,9590.5,9131.5,6012,4643,4055.5,5901.5,3218.5,2683,1780,711.5,163,28.5
2021,성동구,계,285433,18971.5,25038.5,23300.5,24135.5,15018,11061.5,8808.5,9658,5846.5,3811.5,2708.5,888,183,32
2021,성동구,여자,146219.5,9837.5,12449.5,12131,11983.5,7886,6011,5012,6177,3553,2624,1800.5,661,138.5,24
2021,광진구,계,338990.5,25465.5,36556.5,29111,25785.5,17790.5,12406.5,9354.5,10184.5,6184.5,4000,2802.5,940,218.5,39
2021,광진구,여자,175473,13911.5,19052,14672,13019.5,9361,6682,5085.5,6323.5,3571,2752.5,1871.5,682.5,169.5,29
2021,동대문구,계,335066,25728.5,30246.5,24434.5,24729,20119,15043,12184,12974,7883,5091,3663,1125.5,252.5,50
2021,동대문구,여자,169451.5,13965.5,14422.5,11853,11978.5,10501,8129.5,6798.5,8053.5,4614.5,3439,2387,825,188,39
2021,중랑구,계,386616.5,22747,32116.5,28921.5,28201.5,24826,17719,13192.5,13559,8299.5,5259.5,3718,1235.5,268,38
2021,중랑구,여자,195827.5,11431.5,16349,14171.5,13536,12917,9511.5,7286,8548,4836,3712,2494,964,220.5,33.5
2021,성북구,계,427809,31778,34135.5,28261.5,30360.5,23579.5,17792,14546.5,16276.5,9843,6433.5,4504.5,1572.5,319,37.5
2021,성북구,여자,221509.5,17322,16961,14103.5,15279,12618,9971,8272,10257.5,5869.5,4388,2917,1179.5,259.5,32
2021,강북구,계,299248.5,18944.5,22769.5,18435.5,19124.5,20093.5,16109.5,13136,13198,8269.5,4928.5,3524.5,1116.5,256,31.5
2021,강북구,여자,153520,10018,11264,8821.5,9043,10866,9116,7515.5,8121.5,4856,3265.5,2232,814,194.5,25
2021,도봉구,계,317794.5,19698,22525.5,19125.5,20631.5,21344.5,15286.5,11992,13526,8076.5,5449.5,3804.5,1321.5,277,46.5
2021,도봉구,여자,163023.5,9769.5,11001.5,9357.5,10066,11132.5,8129,6625.5,8491.5,4732,3759.5,2550,959.5,215,35
2021,노원구,계,512274.5,36469.5,34759.5,30261.5,33180,29398,20927,16104,19267,11134,8133,5625.5,2017,424,66.5
2021,노원구,여자,265322.5,17941.5,16804,15081,16753,15734,11565.5,9404,12773,6964,5809,3908.5,1507.5,335,58
2021,은평구,계,469876.5,28797.5,36972.5,32718.5,34484.5,27746,21268.5,16748,18074,11170.5,6903.5,4940.5,1586.5,335.5,41
2021,은평구,여자,244713.5,14836.5,19407,16810,17258,15143,11853.5,9481,11089,6475.5,4613.5,3172.5,1152.5,255.5,33
2021,서대문구,계,303144.5,22016.5,27188.5,22025,22199.5,16229,12588,10625.5,12716,7626,5090,3601,1183,258,48
2021,서대문구,여자,158096,12051.5,13683.5,11139,11176.5,8700.5,7166,6143.5,8023,4593.5,3429.5,2331.5,853,205,40
2021,마포구,계,364219.5,25137.5,35948.5,32081.5,31351.5,16602.5,12602,10636,12533.5,7384.5,5149,3613.5,1248,242.5,45
2021,마포구,여자,192845.5,14119.5,19531.5,17255.5,16185,9004,7289.5,6181.5,7891.5,4412,3479.5,2366.5,894,183.5,35.5
2021,양천구,계,446398,28005.5,30273,26288.5,29964.5,24911.5,17071.5,11432,12545.5,7256,5289.5,3618.5,1330.5,298.5,42
2021,양천구,여자,227587.5,13533,15117,13128.5,15379.5,12979.5,8837,6261,8241,4422,3819,2547,998,240.5,33.5
2021,강서구,계,571614,33285,52651,50085.5,47718.5,33054,23137,15540,17422,9914,7508,5047.5,1961,440,59.5
2021,강서구,여자,296224,17664.5,28697,25146,23193.5,17833,12176.5,8400,11468,6063,5405,3494,1520.5,346.5,44
2021,구로구,계,396843,22731,31627,30701.5,31015,24637.5,18496,13064.5,13181,8061.5,5119.5,3643,1179,264.5,33
2021,구로구,여자,201221,11610.5,16081,15248.5,15001,13185.5,9629,6962.5,8109,4622,3487,2363.5,889,207.5,27
2021,금천구,계,228299.5,13939,23063,19268,16474,13952.5,10242.5,7482.5,7420.5,4528,2892.5,2050.5,672.5,144,25.5
2021,금천구,여자,113048.5,7229,11325,8580.5,7370,7271.5,5372,4052.5,4605.5,2612,1993.5,1357,508.5,108,20
2021,영등포구,계,372443.5,21604.5,36988.5,36157.5,32640,19979.5,15128,11305.5,12758.5,7555,5203.5,3751.5,1151.5,265,35.5
2021,영등포구,여자,188591.5,11578.5,19682.5,17929.5,15627,10371.5,8060.5,6233,7811.5,4353.5,3458,2391.5,832.5,204.5,29.5
2021,동작구,계,383557.5,27026.5,38411,31814,29247,21316,16586,12508,13660.5,8145.5,5515,3833.5,1322.5,311,48
2021,동작구,여자,198039,14409.5,19440.5,15733.5,14450,11564,9272.5,6842,8405.5,4678.5,3727,2477.5,970.5,243.5,35.5
2021,관악구,계,484197.5,38357.5,69784,49204,36193,26013.5,20696,15694,14986.5,9492,5494.5,3889.5,1290,268,47
2021,관악구,여자,241252,21393,34181,21791,16366,14064.5,11218.5,8539,9062,5334.5,3727.5,2487.5,973,226,41
2021,서초구,계,411435,24217.5,28875.5,28859.5,31740.5,20667,15465.5,10827.5,11375,6419,4956,3266.5,1319,326.5,44
2021,서초구,여자,214644,12385,15221,15483.5,17241,11216,8365,5611.5,6739,3443,3296,2042.5,966,252.5,35
2021,강남구,계,525570,32124,39405,38219.5,40130,26629.5,19793.5,13595,14010,7912.5,6097.5,3937,1666.5,421.5,72.5
2021,강남구,여자,274009,16531.5,20862,20348.5,22008.5,14641,10663.5,6964,8460,4271.5,4188.5,2525.5,1269.5,333,60.5
2021,송파구,계,655395,39031.5,52702.5,52858,54844,36588,24311,15820.5,16734.5,9301,7433.5,4971.5,1937,454.5,70.5
2021,송파구,여자,339325,20121,27971.5,27604.5,28543,19205.5,12395.5,8154.5,10560.5,5304,5256.5,3361,1463,375,57.5
2021,강동구,계,456069,26063,34606,33979.5,37021.5,27509.5,18468.5,12138,12507.5,7112,5395.5,3583.5,1438.5,311,62.5
2021,강동구,여자,232146.5,13021.5,17846.5,17116.5,18610.5,14518,9539,6314.5,8070.5,4139,3931.5,2478.5,1145.5,256,51.5
2021,부산광역시,계,3343353,199596,222307,191592.5,217818,235574,170916,122161,133307.5,81184,52123.5,37302,12110.5,2380,331
2021,부산광역시,여자,1707065,96863,105806.5,92809,106978.5,124718,92383,68383,87503.5,49839.5,37664,25916.5,9485,1979.5,283
2021,중구,계,40174.5,2460.5,3272.5,2308.5,2113,3586.5,2758.5,2161,2383.5,1429.5,954,635.5,256,54.5,8
2021,중구,여자,20554,1324,1608,1053.5,977.5,1889,1559,1236.5,1571.5,890,681.5,435.5,193,46.5,6.5
2021,서구,계,105119,6441,6783,5111.5,5635.5,8653.5,6849,5284,6153,3751.5,2401.5,1710,551,122.5,18
2021,서구,여자,54215.5,3400.5,3364,2460,2770,4644,3750,3068.5,4028,2311,1717,1160.5,448.5,95,13
2021,동구,계,86919.5,4468.5,5854.5,5150,5139.5,7287.5,5880.5,4652.5,5265,3226,2039,1485.5,467.5,75.5,10.5
2021,동구,여자,44336,2230.5,2884.5,2461,2368,3947,3255.5,2727,3535.5,2065,1470.5,1047.5,360,55.5,7.5
2021,영도구,계,110597.5,5777.5,5888.5,4719.5,5578.5,10192.5,8116.5,6286.5,6669.5,4180.5,2489,1793,561.5,115,19.5
2021,영도구,여자,56105.5,2652,2622.5,2121.5,2619.5,5401.5,4473,3636,4444.5,2638.5,1806,1241,450,97,18
2021,부산진구,계,353065,22790.5,28931.5,23737.5,23411.5,24582.5,18103.5,13266,14617.5,9102,5515.5,4057,1223.5,211,24
2021,부산진구,여자,182778.5,11851.5,14675,11714,11388.5,13007,9876,7570.5,9563.5,5683,3880.5,2730.5,955,173,22
2021,동래구,계,266721.5,15438.5,16402,14699,17467.5,18361,13247,9117,9554,5803.5,3750.5,2678.5,884,166,22
2021,동래구,여자,136992,7374.5,7852,7195,8809,9929,7112,4954,6092.5,3411.5,2681,1844.5,680,136,20.5
2021,남구,계,262756.5,17748,16828.5,13177.5,15833.5,18432.5,14186,10607,10814,6740.5,4073.5,2951,924.5,172,26
2021,남구,여자,134255.5,8630,7711,6289,7828,9960.5,7796.5,5913.5,6848,3967,2881,1992.5,723,143.5,22
2021,북구,계,282095.5,17413.5,19123.5,16241,17170,19373.5,12850,8795.5,9562.5,5722,3840.5,2782,858.5,177.5,22.5
2021,북구,여자,142729,8048,8866,7804,8224.5,9915.5,6825.5,4898.5,6465,3583,2882,2017.5,689,155.5,20
2021,해운대구,계,395843,23600.5,24152.5,20622.5,24957,25219,17820,12892.5,15003,8944,6059,4323,1414.5,287,34.5
2021,해운대구,여자,205379.5,11123,11641.5,10407.5,12888.5,13357,9763,7346.5,9923.5,5568.5,4355,2993,1098,236.5,27.5
2021,사하구,계,306714.5,19092.5,19810,16431.5,19280.5,22663,15694,10734.5,11290,6890,4400,3061,1085,229.5,24.5
2021,사하구,여자,154135.5,8998,9044.5,7585,9209.5,11718,8359,5903,7549.5,4289.5,3260,2168.5,874,196,21.5
2021,금정구,계,228594,16326.5,16248.5,11929,12597.5,17327.5,12606,9057.5,10172.5,6047.5,4125,2960,948,190.5,26.5
2021,금정구,여자,116902,7964.5,7055,5548,6159.5,9321.5,6785.5,5001.5,6629,3662.5,2966.5,2062,728.5,152.5,23.5
2021,강서구,계,139803,5065,7363,10983,16028,6882.5,4234.5,2747.5,3183.5,1835.5,1348,895.5,371.5,69,12
2021,강서구,여자,67502.5,2303.5,3393,5485,7776,3351.5,2032.5,1443,2178.5,1159.5,1019,649.5,301.5,58,10
2021,연제구,계,206609,11837,13610,12554,14039,14730.5,10684.5,7558.5,8005,4978,3027,2178,703.5,120.5,25
2021,연제구,여자,107135,5705,6854.5,6260,6976,7901,5779.5,4144.5,5047,2911.5,2135.5,1472,545,98,20.5
2021,수영구,계,174401,9933.5,14022.5,11797,11719,13046,10007,7026,7819.5,4748,3071.5,2183.5,748,125,15
2021,수영구,여자,92057,5177.5,7189.5,5928,5883,7194.5,5554,3857.5,4931.5,2786.5,2145,1485.5,546.5,102,11
2021,사상구,계,208781,13008,15235,12131,12431,15491,10577,6738,6714.5,4239,2475.5,1831,518,110,16.5
2021,사상구,여자,103536,6226,6936,5500,5839,7931,5586,3740.5,4572,2675,1897,1357.5,426.5,98,15
2021,기장군,계,175158.5,8195,8781.5,10000,14417,9745,7302,5237,6100.5,3546.5,2554,1777.5,595.5,154.5,26.5
2021,기장군,여자,88451.5,3854.5,4109.5,4997.5,7262,5250,3876,2942,4124,2237.5,1886.5,1259,466.5,136.5,24.5
2021,대구광역시,계,2387449.5,154960.5,159379.5,135086,152897.5,140803,101436,74089,89333,53237.5,36095.5,26425,7948.5,1517.5,204.5
2021,대구광역시,여자,1210901,73080.5,73648,62426,75208.5,75246.5,55624,43037,59259,33467.5,25791.5,18165,6205.5,1241,180
2021,중구,계,74482.5,4904,6659,5165.5,5397,4535,3873.5,3168,3828.5,2268.5,1560,1099,370.5,74,16.5
2021,중구,여자,38681,2674,3364.5,2492,2612,2513.5,2237.5,1836,2485.5,1405.5,1080,727.5,279,60.5,13
2021,동구,계,339327.5,18850.5,22113.5,20514.5,22756,23141.5,17379,12937,14971.5,9068,5903.5,4382,1228,259,34.5
2021,동구,여자,172447,8815.5,10306,9446,10916.5,12566,9583,7505.5,9837,5661.5,4175.5,2982,952.5,214.5,26.5
2021,서구,계,166014,9351,11351,8404,8516,13808,9919.5,7191.5,7823,4899.5,2923.5,2181.5,611.5,114,16.5
2021,서구,여자,83033.5,4332.5,5011,3481.5,3834.5,7544.5,5428.5,4195,5241.5,3095.5,2146,1523,508.5,98.5,16
2021,남구,계,143176,8958,11042,8319.5,8439,10825,8355,6517.5,8280.5,4845.5,3435,2503,778,140.5,13.5
2021,남구,여자,74381,4654.5,5363,3808.5,4099.5,5913,4706,3842,5424,3020.5,2403.5,1672,600,118,13.5
2021,북구,계,436565.5,31594.5,29827.5,25094,27977,22666,16376.5,12139,14053,8535,5518,4063,1207.5,219,28.5
2021,북구,여자,219449,14802,13390,11604,13601.5,11988,9044.5,7164.5,9364.5,5364.5,4000,2836,953.5,183,27.5
2021,수성구,계,418302,29041,24966,18872.5,23069.5,22492,16456,12324,16117,9203.5,6913.5,5000.5,1564,304.5,44.5
2021,수성구,여자,216014,13425,11622,9074,12360.5,12073,9165,7086.5,10472.5,5659,4813.5,3345,1192,237,39.5
2021,달서구,계,549418.5,38880,38139,30669.5,33782,30728,20545,14081.5,16954,10143,6811,4992.5,1506,278.5,34
2021,달서구,여자,278713.5,18371,17700,13978,16741.5,16205.5,11056.5,8119.5,11400.5,6459,4941.5,3508.5,1178.5,224.5,30
2021,달성군,계,260163.5,13381.5,15281.5,18046.5,22961,12607.5,8531.5,5730.5,7305.5,4274.5,3031,2203.5,683,128,16.5
2021,달성군,여자,128182,6006,6891.5,8542,11042.5,6443,4403,3288,5033.5,2802,2231.5,1571,541.5,105,14
2021,인천광역시,계,2921874.5,181250.5,213285.5,188363,212511,150082.5,101665,75214,92134.5,52019,40115.5,27501.5,9983.5,2292.5,338
2021,인천광역시,여자,1459762,87362.5,101533,90286.5,103200.5,76878,53499,42572,62011,32660,29351,19364,7832.5,1876.5,278
2021,중구,계,140192,7383,11568.5,10319,11169.5,7057,5259,3950,4484.5,2530.5,1954,1323,488,124.5,18.5
2021,중구,여자,67413,3751.5,5519.5,4578.5,5223.5,3605,2799.5,2153,2955,1535.5,1419.5,932,378,95.5,14
2021,동구,계,61143,3220.5,3250.5,2968,3748,4494,3597.5,2910.5,3298.5,1921.5,1377,950,346,73.5,7.5
2021,동구,여자,30300.5,1495,1458,1352,1766.5,2365.5,1990,1640,2208.5,1186,1022.5,692.5,265.5,58,6.5
2021,미추홀구,계,401435,25689,31089.5,26466.5,28700.5,23713,17502.5,13402,15203,8879,6324,4346,1562.5,369.5,46
2021,미추홀구,여자,199452.5,12381,14496,12123.5,13370.5,12533,9349,7540,9974.5,5418,4556.5,3015,1202.5,300,39
2021,연수구,계,386114,24820.5,26470,25658.5,31183,14820,9057.5,6568.5,8774.5,4751.5,4023,2676.5,1056,254,36.5
2021,연수구,여자,194403,11936.5,12731,12955,15912.5,7320,4752.5,3655.5,6031.5,3050.5,2981,1925,817,209.5,29.5
2021,남동구,계,518174.5,32010,37575.5,32617,37575.5,27052,18030,12887.5,14993.5,8571,6422.5,4351,1642,364.5,65
2021,남동구,여자,261030.5,15660,18005,15678,18372.5,14128,9532.5,7382,10181,5406.5,4774.5,3099.5,1308,311,56
2021,부평구,계,486168.5,30582,37805,32434,33681.5,26625.5,17947.5,13213,16252.5,9275,6977.5,4878,1682,359,58.5
2021,부평구,여자,246232.5,14926,18352.5,15665,16324,13904.5,9539.5,7530,11037,5956.5,5080.5,3394,1338.5,297,51
2021,계양구,계,293888,19883.5,23232,18638,18992,14809.5,8949,6609.5,8682.5,4878,3804.5,2635,941.5,204.5,23.5
2021,계양구,여자,147537.5,9420.5,11076.5,8892.5,9083,7282.5,4609.5,3913.5,6007.5,3183,2824.5,1906.5,737.5,162,18.5
2021,서구,계,545467.5,33632.5,38462.5,35946.5,43719.5,23108.5,14591.5,10066,12400.5,6900.5,5500,3737,1402,307,54
2021,서구,여자,270188.5,16287.5,18455.5,17630.5,21379,11610.5,7545.5,5686.5,8544.5,4429.5,4115,2686.5,1129,258,41.5
2021,강화군,계,69012,2661.5,2561.5,2392.5,2817.5,6568.5,5383.5,4594.5,6631.5,3604.5,3027,2167.5,670.5,174,15
2021,강화군,여자,34470.5,1159,1075,1090,1396.5,3280,2728,2529.5,4143,2075,2068,1415,505.5,135.5,12
2021,옹진군,계,20280,1368,1270.5,923,924,1834.5,1347,1012.5,1413.5,707.5,706,437.5,193,62,13.5
2021,옹진군,여자,8733.5,345.5,364,321.5,372.5,849,653,542,928.5,419.5,509,298,151,50,10
2021,광주광역시,계,1438867.5,104947,102510,82893.5,99750,67587.5,53680,39836,46996,27387.5,19608.5,13590.5,4838.5,1022,157.5
2021,광주광역시,여자,727426.5,50314,48854.5,40143,49213,35860.5,29416,22591,31151,16957,14194,9440.5,3745.5,865,143
2021,동구,계,101912,7244.5,7552,6374.5,6938.5,6510,5596.5,4531,5436.5,3234.5,2202,1541,531,114,16
2021,동구,여자,51582,3505,3708.5,3109.5,3300.5,3506.5,3114.5,2522,3262.5,1832,1430.5,954,373,91.5,12
2021,서구,계,292542,22406.5,22445.5,16619,19021,14185,11138,8152,9510.5,5523.5,3987,2759.5,977,211,39.5
2021,서구,여자,149242.5,10878,10987,8023,9551,7557,6108,4606.5,6234.5,3391.5,2843,1885,735,186.5,36.5
2021,남구,계,214013.5,14167.5,13522.5,10955.5,14289,12092.5,10015,7410.5,8650.5,5026.5,3624,2497,907,196.5,23.5
2021,남구,여자,111134,6899.5,6569.5,5387,7339.5,6565,5551,4099,5638,3033.5,2604.5,1716.5,705,162,21
2021,북구,계,426847.5,30500.5,31172.5,25528.5,29258,22004.5,17159,12474.5,14271.5,8340,5931.5,4128.5,1457,297,49
2021,북구,여자,215165.5,14568,14651.5,12284.5,14021.5,11628.5,9275,7081,9474.5,5144,4330.5,2888,1146,250.5,46
2021,광산구,계,403552.5,30628,27817.5,23416,30243.5,12795.5,9771.5,7268,9127,5263,3864,2664.5,966.5,203.5,29.5
2021,광산구,여자,200302.5,14463.5,12938,11339,15000.5,6603.5,5367.5,4282.5,6541.5,3556,2985.5,1997,786.5,174.5,27.5
2021,대전광역시,계,1449628,101762,108506.5,91557.5,99181.5,75561,52329.5,39039.5,47662,27309.5,20352.5,14336.5,4855,1011.5,149.5
2021,대전광역시,여자,726818,49545.5,50558,42597,48460,39213.5,27780.5,22003.5,31292,16789,14503,9843.5,3709.5,823,127
2021,동구,계,220907,15740,14272.5,11705,13639,14281.5,10629.5,8412.5,9686,5770,3916,2774,928.5,184,29.5
2021,동구,여자,109747,7690,6499.5,5192,6456.5,7435,5771,4706,6339,3596,2743,1877.5,695,146,24.5
2021,중구,계,231184.5,14820.5,15570,12048.5,13285,14935,11507.5,8913.5,10707.5,6253.5,4454,3159,1037,226.5,31.5
2021,중구,여자,117336.5,7243.5,7632.5,5714.5,6567.5,7975.5,6226,5033.5,6833.5,3757.5,3076,2082.5,782,186.5,25
2021,서구,계,473012,34406,38790,31505,33405,22835.5,15310,10830,13370.5,7516,5854.5,4114.5,1389.5,304,46.5
2021,서구,여자,240594,17161,18736,15142.5,16581.5,11866,8079,6081.5,8748.5,4562.5,4186,2833,1067,245.5,40.5
2021,유성구,계,349837.5,24530,27896.5,26610.5,28615.5,13365,7973,5617,7700,4151.5,3548.5,2435.5,907,185,21
2021,유성구,여자,173187.5,11841,12457.5,12288,14100.5,6696.5,4067.5,3189,5257.5,2624.5,2633,1763.5,703,148.5,18
2021,대덕구,계,174687,12265.5,11977.5,9688.5,10237,10144,6909.5,5266.5,6198,3618.5,2579.5,1853.5,593,112,21
2021,대덕구,여자,85953,5610,5232.5,4260,4754,5240.5,3637,2993.5,4113.5,2248.5,1865,1287,462.5,96.5,19
2021,울산광역시,계,1124040.5,68209.5,72507.5,67193,80447.5,59572,37324.5,23993,26451.5,15530.5,10921,7758,2537.5,566.5,59
2021,울산광역시,여자,546867,30047.5,31448.5,30569.5,38628.5,29866.5,18830.5,13278,18127,9839.5,8287.5,5652,2081.5,498.5,55.5
2021,중구,계,214155.5,12465,13482,11705.5,13908,13506,8716.5,5789,5912.5,3633,2279.5,1646,527.5,96,10
2021,중구,여자,105809,5474,5966,5436.5,6752.5,7039,4561.5,3244,3946.5,2253.5,1693,1166.5,429.5,88,9
2021,남구,계,315242,21217.5,23237.5,20099,21177.5,16873.5,10383,6325.5,6468,3932.5,2535.5,1851,553,121.5,10
2021,남구,여자,154620.5,9527.5,10141.5,9074.5,10177,8495,5277,3476.5,4324.5,2437,1887.5,1319.5,452,106,10
2021,동구,계,154745,8235.5,8946,9138,12934,9127.5,5477,3058,2900.5,1717.5,1183,821.5,275.5,77.5,8.5
2021,동구,여자,73967.5,3694.5,3824,3970.5,5972,4496.5,2602.5,1577.5,1996,1069,927,617,233.5,69,7.5
2021,북구,계,218391,12962,14001,14822,18632.5,7610.5,4587,3043,3577,2029,1548,1083.5,360,91,13.5
2021,북구,여자,105350,5541,6078.5,6870.5,9152,3708,2373,1682,2568.5,1349,1219.5,823,304,79.5,13
2021,울주군,계,221507,13329.5,12841,11428.5,13795.5,12454.5,8161,5777.5,7593.5,4218.5,3375,2356,821.5,180.5,17
2021,울주군,여자,107120,5810.5,5438.5,5217.5,6575,6128,4016.5,3298,5291.5,2731,2560.5,1726,662.5,156,16
2021,세종특별자치시,계,362921.5,17277.5,20660.5,26499,34974,12917.5,8464,6049,8542,4523.5,4018.5,2772,1024,197,25.5
2021,세종특별자치시,여자,181787,8219.5,10357.5,13573.5,17896,6595.5,4373,3436.5,5792,2839,2953,1967.5,803,161.5,21
2021,세종시,계,362921.5,17277.5,20660.5,26499,34974,12917.5,8464,6049,8542,4523.5,4018.5,2772,1024,197,25.5
2021,세종시,여자,181787,8219.5,10357.5,13573.5,17896,6595.5,4373,3436.5,5792,2839,2953,1967.5,803,161.5,21
2021,경기도,계,13398945,844832,951087,875551.5,1016947.5,634106.5,430717.5,332442,411757,236029,175728,122155,42636.5,9483.5,1453
2021,경기도,여자,6658835,404853.5,444911,419488.5,495750,324418,228646,187341.5,268668.5,144270.5,124398,83226,32436,7554.5,1181.5
2021,수원시,계,1177307.5,84197,100678.5,86391.5,90475.5,48249,32092,24164.5,29664,16836.5,12827.5,8830.5,3175,707,115
2021,수원시,여자,585032.5,40679.5,47020.5,40563.5,44029.5,25100,17212,13860,19764,10504,9260,6146.5,2441,573.5,99
2021,장안구,계,271954,21838.5,21778.5,15840.5,16825,12497.5,8725.5,6956,8971,4983.5,3987.5,2708.5,1032,215.5,31.5
2021,장안구,여자,135113,10051,9706,7270,8267,6486,4743,4020,5890.5,3043.5,2847,1869,778.5,171,28.5
2021,권선구,계,364387,23693.5,29839.5,26967.5,30028,15914.5,10179.5,7258,8888.5,5074,3814.5,2640,925,210.5,39
2021,권선구,여자,180528,11487.5,14110,12756.5,14335,8185.5,5368,4071.5,5978,3205.5,2772.5,1851.5,715,172.5,33.5
2021,팔달구,계,176275.5,12505.5,16992.5,13434.5,12135,9560.5,6646.5,5144.5,5786.5,3425.5,2361,1667,543.5,130.5,20
2021,팔달구,여자,87607.5,6315.5,7972.5,6063.5,5618.5,5086,3614,2931.5,3784.5,2116,1668.5,1139.5,407.5,104.5,17
2021,영통구,계,364691,26159.5,32068,30149,31487.5,10276.5,6540.5,4806,6018,3353.5,2664.5,1815,674.5,150.5,24.5
2021,영통구,여자,181784,12825.5,15232,14473.5,15809,5342.5,3487,2837,4111,2139,1972,1286.5,540,125.5,20
2021,성남시,계,926088,57959.5,71262,65795,69212.5,47146.5,32734,24326.5,29371,16588.5,12782.5,8654.5,3292,721.5,114.5
2021,성남시,여자,467706,28641.5,34268.5,31939,34266.5,24411,17554,13558,18918.5,9931.5,8987,5866.5,2444,589,87.5
2021,수정구,계,236090.5,15028.5,19261.5,17106,18084.5,14058.5,9821.5,6989.5,7272,4354.5,2917.5,2035.5,704,147.5,30.5
2021,수정구,여자,116723,7379,8859.5,7917,8451.5,7341,5254,3943,4762.5,2648.5,2114,1428.5,542.5,120,23
2021,중원구,계,211009.5,12882,17562,15326,15279,12595,8747,6281.5,6556,3940.5,2615.5,1800.5,641.5,151.5,22
2021,중원구,여자,104243,6394.5,8262.5,7001,7079.5,6510,4620.5,3509.5,4358.5,2419.5,1939,1263.5,525.5,130.5,19.5
2021,분당구,계,478988,30049,34438.5,33363,35849,20493,14165.5,11055.5,15543,8293.5,7249.5,4818.5,1946.5,422.5,62
2021,분당구,여자,246740,14868,17146.5,17021,18735.5,10560,7679.5,6105.5,9797.5,4863.5,4934,3174.5,1376,338.5,45
2021,의정부시,계,457869.5,30692,33405.5,27774.5,31850.5,23665.5,17059.5,13894.5,16277,9727.5,6549.5,4662,1529,308,50.5
2021,의정부시,여자,232301,15192.5,16374.5,13617.5,15537.5,12513.5,9389.5,7954,10519.5,5928.5,4591,3136,1167,247,41
2021,안양시,계,544226,35832.5,40172.5,37696.5,38643.5,28506,18246.5,13246.5,16452.5,9275.5,7177,5012,1758,364,43
2021,안양시,여자,275303,17332,19244.5,18205.5,18860.5,14376,9506,7534.5,11023.5,5800,5223.5,3543,1353,290,37.5
2021,만안구,계,236799.5,15451,18447.5,16400.5,16446,14155.5,9408,6958.5,8074,4695.5,3378.5,2399,774,184.5,21
2021,만안구,여자,118386.5,7495.5,8685.5,7761.5,7740.5,7174.5,4821.5,3915.5,5322,2891,2431,1656.5,610,147,17.5
2021,동안구,계,307426.5,20381.5,21725,21296,22197.5,14350.5,8838.5,6288,8378.5,4580,3798.5,2613,984,179.5,22
2021,동안구,여자,156916.5,9836.5,10559,10444,11120,7201.5,4684.5,3619,5701.5,2909,2792.5,1886.5,743,143,20
2021,부천시,계,805443.5,51985.5,62288,54730,58710,44080,27546.5,19071,23325.5,13166.5,10159,7023,2516.5,533.5,86
2021,부천시,여자,406356.5,25363.5,29931,26678.5,28428,22459,14246.5,10755,15830.5,8401,7429.5,4997.5,1920.5,440.5,71
2021,광명시,계,293218.5,18277.5,19084,18712.5,21582.5,15594,10166,7336,8616,4931.5,3684.5,2597.5,877.5,181,28.5
2021,광명시,여자,148642,8799.5,9052,9118.5,10764.5,8141,5393,4214.5,5874.5,3126,2748.5,1885,695,146.5,22
2021,평택시,계,545438,33925,41315.5,39136.5,43830.5,22453,15616,12581,16272,9498.5,6773.5,4822,1551.5,356.5,43.5
2021,평택시,여자,261897,15729.5,17993.5,17308,20232.5,11510.5,8422.5,7318,10742,5923.5,4818.5,3317,1192,274.5,35
2021,동두천시,계,92448,5480.5,5608,4609,5349,5656.5,4501,4018,5088.5,3104,1984.5,1384.5,473,106,21
2021,동두천시,여자,46275.5,2549,2529.5,2143,2622.5,2965,2540.5,2396,3289.5,1923,1366.5,923,344.5,82,17
2021,안산시,계,648703.5,50389.5,55128,42456,42342.5,26596,16909,12864.5,16910,9531,7379,5202,1722.5,395.5,59
2021,안산시,여자,316572,24039.5,25359.5,19026,19562,13057.5,8874,7510,11594,6158.5,5435.5,3708,1354,324.5,49
2021,상록구,계,348519.5,27907,29834.5,21663,22049,14166.5,9254.5,7500.5,9755,5517,4238,2974,998,234,32
2021,상록구,여자,170993.5,13332.5,13649,9718.5,10290.5,7029.5,4923,4437.5,6664,3578.5,3085.5,2097,764.5,195.5,28.5
2021,단원구,계,300184,22482.5,25293.5,20793,20293.5,12429.5,7654.5,5364,7155,4014,3141,2228,724.5,161.5,27
2021,단원구,여자,145578.5,10707,11710.5,9307.5,9271.5,6028,3951,3072.5,4930,2580,2350,1611,589.5,129,20.5
2021,고양시,계,1070006.5,70539.5,77373,67303,74444.5,48186,32915,28193,38962.5,22175,16787.5,11773.5,4055,836.5,122.5
2021,고양시,여자,546450,34239,37898,33821,37436.5,24483.5,18318.5,16593,25427.5,13821.5,11606,7858,3009.5,643,95.5
2021,덕양구,계,476064.5,28648.5,33406,31824,36260,23507,16352.5,13733.5,17530.5,10290.5,7240,5117.5,1717,349.5,56
2021,덕양구,여자,240964.5,13784.5,16196.5,15892,17836.5,12098,9027,8050,11403.5,6353,5050.5,3446,1289.5,270,45
2021,일산동구,계,296306,20789.5,23317.5,18606,19378.5,12598,8319.5,7063,10466,5698,4768,3306.5,1168,263.5,30
2021,일산동구,여자,152233.5,10291.5,11582,9439.5,9898,6263,4609,4138.5,6861.5,3548,3313.5,2222.5,871,198.5,21.5
2021,일산서구,계,297636,21101.5,20649.5,16873,18806,12081,8243,7396.5,10966,6186.5,4779.5,3349.5,1170,223.5,36.5
2021,일산서구,여자,153252,10163,10119.5,8489.5,9702,6122.5,4682.5,4404.5,7162.5,3920.5,3242,2189.5,849,174.5,29
2021,과천시,계,67547,4465.5,4691,4639,5011.5,3261,2166,1682.5,2365.5,1245,1120.5,740.5,298.5,73.5,8
2021,과천시,여자,34275,2081.5,2250,2300.5,2502,1646.5,1167.5,968.5,1548.5,757,791.5,502.5,223.5,60.5,5
2021,구리시,계,193028.5,12632,13848.5,11744,13826,9872,6504.5,5009,5630.5,3373,2257.5,1598,532.5,109.5,17.5
2021,구리시,여자,97345.5,6190,6708,5839.5,6856,5004,3499,2837,3611,2042.5,1568.5,1078.5,395.5,81,13.5
2021,남양주시,계,719087.5,43304.5,42037,37606,51862,36177,25516,19665,22228.5,13129.5,9099,6302,2204,500.5,92.5
2021,남양주시,여자,361272.5,20766.5,20126,18744.5,26579,18944.5,13599,10930.5,14256,7829,6427,4256.5,1692,402.5,76
2021,오산시,계,228789.5,14086.5,17059.5,16706.5,21255,8160.5,5512,4300.5,4684.5,2821.5,1863,1331.5,427,90,14.5
2021,오산시,여자,110303.5,6744,7545.5,7512.5,9864,4213.5,2966,2510,3044.5,1734,1310.5,883,344.5,71,12
2021,시흥시,계,503245.5,32696.5,36354,34672,42515.5,18041,11248,8451,10665.5,6170.5,4495,3064,1149,239.5,42.5
2021,시흥시,여자,240635.5,15241.5,16285,16007.5,19900,8761.5,5855.5,4856,7386.5,4008,3378.5,2220.5,932.5,189.5,36
2021,군포시,계,269413,17433,19955.5,18395.5,19090.5,13044.5,8452,6541.5,8957.5,4916,4041.5,2808,987,208.5,38
2021,군포시,여자,135801,8429,9463,8724.5,9230.5,6639.5,4441.5,3794.5,5875,3085,2790,1888,713,160,29
2021,의왕시,계,162387.5,10934,12072,11053,11708,8615,5250.5,3799.5,5052,2764,2288,1550,586.5,135,16.5
2021,의왕시,여자,81673,5317,5608,5355.5,5702.5,4250.5,2685.5,2106,3373.5,1700.5,1673,1096.5,451,110,15.5
2021,하남시,계,305066.5,15822,21407.5,22901.5,28653,15457,10200,6440,7082,3963.5,3118.5,2058.5,820.5,204.5,35
2021,하남시,여자,152096.5,7811,10609.5,11333,14155,7975.5,5007,3351,4690,2384,2306,1474,643,159,30
2021,용인시,계,1069277.5,69500.5,67757.5,61959,80247.5,46828,36393.5,28945,33350.5,19344.5,14006,9640.5,3433,807,125.5
2021,용인시,여자,538942.5,33736,32170.5,31003.5,40829.5,25305,20056,15687,20064.5,10794,9270.5,6042,2492.5,629,107
2021,처인구,계,257304.5,17089.5,17400.5,14915.5,18604,13492,9031,6985.5,8820.5,4895.5,3925,2725.5,954,217.5,28
2021,처인구,여자,125411,8015,7713.5,6840,8851,6864,4695.5,3930,5770.5,2990.5,2780,1829.5,751.5,175,24
2021,기흥구,계,438752,28980,27777.5,25039.5,33000.5,18262,14601,11626,13435,7824,5611,3848.5,1381.5,324.5,56.5
2021,기흥구,여자,222228,14093,13148,12638,16939,10001,8174.5,6311,7975.5,4362,3613.5,2341.5,971.5,255.5,45
2021,수지구,계,373221,23431,22579.5,22004,28643,15074,12761.5,10333.5,11095,6625,4470,3066.5,1097.5,265,41
2021,수지구,여자,191303.5,11628,11309,11525.5,15039.5,8440,7186,5446,6318.5,3441.5,2877,1871,769.5,198.5,38
2021,파주시,계,471123,27359.5,30567,30459.5,36943,20883,15380,13195.5,16822.5,9783,7039.5,4898.5,1714,375,52
2021,파주시,여자,232206.5,12663.5,14356.5,14384,17466,10711.5,8380,7593,10944,6043,4901,3290,1274.5,298.5,38
2021,이천시,계,219615.5,13697.5,16948.5,14545.5,16021.5,10938,7189,5858,7869,4494,3375,2408.5,759.5,185.5,21.5
2021,이천시,여자,105902.5,6229,7022.5,6640,7483.5,5408,3734.5,3286.5,5111.5,2741,2370.5,1633.5,576,144,17
2021,안성시,계,187105.5,11418,11336.5,10261,12553,11069.5,7587,6086,8769.5,4941.5,3828,2743,859.5,201,24.5
2021,안성시,여자,90607.5,5355.5,4835.5,4571.5,5729.5,5545.5,3920,3467.5,5819,3063.5,2755.5,1889,683.5,161,22
2021,김포시,계,477869,24337,27729,30862,44635,21440.5,15124,10948.5,12514.5,7199.5,5315,3691,1310.5,272.5,41
2021,김포시,여자,238624.5,11585.5,13624,15871.5,22541,11241,7876,6002.5,8011,4279.5,3731.5,2482.5,999,218,32
2021,화성시,계,868377,47284.5,59320.5,66764.5,84055.5,29174,18944.5,13582,17191,9761.5,7429.5,5235,1762,381.5,51
2021,화성시,여자,417651,22488,26354.5,31555.5,40533.5,14617,9774.5,7525,11347,5954,5393,3642,1397.5,310.5,43
2021,광주시,계,382527.5,20997.5,23944,24271.5,32246.5,20465.5,13127.5,9158,10078.5,5900,4178.5,2877.5,1009,250.5,41.5
2021,광주시,여자,187195,9864,11240.5,11672,15438.5,10236.5,6705,4820,6432.5,3462.5,2970,1942.5,780,211.5,36
2021,양주시,계,231868.5,13904,13568,12434,15461,12501,9007,7329,8546,4957,3589,2499,834.5,221,34.5
2021,양주시,여자,114298.5,6468,6219.5,5936,7554,6358,4755,3985,5492.5,2975.5,2517,1662,649,177.5,28.5
2021,포천시,계,146912.5,8903.5,9034,7178,7310.5,9981.5,6674,5624,7644,4399.5,3244.5,2245,770,200.5,29
2021,포천시,여자,69150.5,3881.5,3665.5,3097,3293.5,4627.5,3395.5,3180.5,4993.5,2724,2269.5,1512.5,590.5,146.5,20
2021,여주시,계,111404,6105,5914.5,5113.5,6144,8520,5435.5,4688.5,6355.5,3582,2773.5,1904,681.5,165,23
2021,여주시,여자,54806,2860.5,2576,2289.5,3028,4215.5,2694,2582.5,4119,2157.5,1961.5,1284.5,518.5,139.5,19
2021,연천군,계,42681.5,2399,2808.5,2123,2022,3340,2571.5,2328.5,3276.5,1916,1360.5,950.5,317.5,77,15.5
2021,연천군,여자,20282.5,914,973.5,859,917,1623,1349.5,1322.5,2138.5,1214.5,924,620.5,233.5,58.5,11.5
2021,가평군,계,61764.5,3070,3070.5,2651,2918,5537.5,3511,3211,4246.5,2406.5,1840,1311.5,405.5,105,18
2021,가평군,여자,29909,1343.5,1242,1172.5,1360,2681.5,1789.5,1747.5,2667,1408,1259,869.5,294,82.5,13
2021,양평군,계,119105,5203.5,5348.5,4607,6027.5,10667.5,7138.5,5903.5,7488,4126.5,3361.5,2337,825,171.5,28
2021,양평군,여자,59321,2318.5,2364,2198.5,3047,5395.5,3539,3095.5,4760,2396,2364,1575.5,632,133.5,23
2021,강원도,계,1530536.5,91143,86000,75486.5,88025,105208.5,68618.5,64517,85337,49725.5,35611.5,24112.5,9016,2151,332
2021,강원도,여자,760133.5,40377.5,37060,34863,42574.5,53045,36498,36792,56636.5,30732.5,25904,16894.5,7081,1661,267.5
2021,춘천시,계,281862.5,18844.5,18421.5,16049.5,18062,16700,10285.5,10298,14098,8103.5,5994.5,4048,1535.5,358,53
2021,춘천시,여자,142709,8876.5,8474,7724.5,8954,8628,5645,5906.5,9236,4989,4247,2771,1177,260,39
2021,원주시,계,354049,22369,22721.5,20969,24145,18927,11087.5,10308.5,14380.5,8311,6069.5,4156.5,1518,341.5,53.5
2021,원주시,여자,178472,10402,10664,10217,11958.5,9579.5,5965.5,5907,9602.5,5175.5,4427,2933.5,1197,251.5,45
2021,강릉시,계,211851.5,13082,11722.5,9586.5,11724.5,14808,10274.5,9176.5,11819,6757.5,5061.5,3366.5,1327,317.5,50.5
2021,강릉시,여자,106750,5988,5229.5,4331,5744,7813.5,5521.5,5238.5,7842,4163,3679,2312,1056.5,269,41.5
2021,동해시,계,89743.5,5015.5,4352.5,3715.5,5186.5,6118.5,4237.5,3740.5,4380,2566.5,1813.5,1273,429.5,102.5,8.5
2021,동해시,여자,44130.5,2059.5,1781.5,1654.5,2466.5,3172,2236,2127,2882,1553.5,1328.5,895,338,88,7.5
2021,태백시,계,41106.5,2029,1524,1430,2064,3414.5,2577,2137,2296,1472.5,823.5,597,182,41.5,3
2021,태백시,여자,20310.5,853.5,653.5,654,994,1778,1441.5,1202,1541.5,923.5,618,428,150,37,3
2021,속초시,계,82143,4582.5,4365,4161,4934.5,5509,3591.5,3158,3885,2241.5,1643.5,1034.5,492,106,11
2021,속초시,여자,41426.5,2030.5,1860.5,1835,2371.5,2833.5,1965.5,1844.5,2646,1411,1235,736.5,402.5,85.5,10.5
2021,삼척시,계,63913,4256,2712.5,2408.5,3054,4942.5,3719,3327.5,4606,2572,2034,1432,485.5,101.5,15
2021,삼척시,여자,31558.5,1947,1132.5,1093.5,1409.5,2475,1942,1980,3170,1669,1501,1013.5,385,88,14.5
2021,홍천군,계,68425.5,3426,3235.5,2799.5,3086.5,6176.5,3720.5,3453,5165,2991.5,2173.5,1516,521.5,114,22
2021,홍천군,여자,33178.5,1399.5,1216.5,1230,1437,2899,1838,1925,3392,1813,1579,1082,399,78.5,19.5
2021,횡성군,계,46184,1985.5,1738,1477,1836.5,4614.5,2827,2673.5,3877,2236,1641,1098,419.5,101,22.5
2021,횡성군,여자,22488,866,728.5,687,882,2183,1364.5,1462,2523.5,1315,1208.5,783,327,79,19.5
2021,영월군,계,37917,1892.5,1316.5,1166.5,1506,3638,2425,2296,3124,1881.5,1242.5,887,279.5,62.5,13.5
2021,영월군,여자,18278,822.5,525,521.5,692.5,1734,1256,1315,2031.5,1143,888.5,625,211.5,42.5,9.5
2021,평창군,계,41061,1811.5,1505.5,1312,1622,3912,2594.5,2317.5,3162.5,1928,1234.5,850,287.5,81.5,15.5
2021,평창군,여자,19984.5,763,604,590.5,753.5,1889.5,1335.5,1271.5,2094,1176.5,917.5,607.5,236,62,12
2021,정선군,계,35811,1524.5,1183.5,1262.5,1626,3246.5,2258,2119,2555.5,1527.5,1028,703,231,84,10
2021,정선군,여자,17164,670,474,559,715.5,1540.5,1210,1196.5,1731.5,956.5,775,512.5,188.5,66,8
2021,철원군,계,43754,2642,2887.5,2280.5,2272.5,2912,2258.5,2307,2677,1670,1007,635.5,293,65.5,13
2021,철원군,여자,21030.5,981,964.5,977.5,1050,1538,1200.5,1331.5,1757,1035,722,436.5,222.5,54,9
2021,화천군,계,24399,1710,2018,1526.5,1262,1672.5,1082,1223,1650.5,997,653.5,425,173.5,46.5,8.5
2021,화천군,여자,11154,548.5,586,563,577.5,778.5,590,683.5,1098.5,639.5,459,287.5,135.5,31,5
2021,양구군,계,21911.5,1431,1576.5,1272,1229,1437.5,915.5,1059,1349,804,545,378.5,133,27.5,6
2021,양구군,여자,10303,473.5,522.5,525,585,660,515,601.5,897,500,397,271.5,101.5,20.5,3.5
2021,인제군,계,31808.5,1898,2236,1971,1961,2243.5,1261.5,1357,1813,1057,756,495.5,194.5,59.5,6.5
2021,인제군,여자,14586.5,648.5,730,803,864.5,1052,638.5,731,1203.5,660,543.5,351,154,36,2.5
2021,고성군,계,26845.5,1363,1402.5,1099,1178,2364.5,1686.5,1758,2245,1307,938,599.5,266.5,62.5,9.5
2021,고성군,여자,13009.5,505,495.5,448,536,1180,915.5,1046.5,1511,820,691,430,206.5,46.5,8
2021,양양군,계,27750.5,1280.5,1081,1000,1275,2571.5,1817,1808,2254,1301.5,952.5,617,247,78,10.5
2021,양양군,여자,13600,543,418,449,583,1311,917.5,1022.5,1477,789.5,687.5,418.5,193,66,10
2021,충청북도,계,1591246,95232,101020.5,88542,103047.5,96886,64396.5,55377.5,76600,43411.5,33188.5,23701.5,7645.5,1605.5,236
2021,충청북도,여자,784394.5,43615.5,43358.5,40340.5,49223,48943.5,33601.5,31957.5,51440,27289.5,24150.5,16699,5957,1293,201.5
2021,청주시,계,842943.5,55740,63334.5,55235,62237.5,40827,26332.5,21121,27731.5,15623,12108.5,8604.5,2815,608,81
2021,청주시,여자,418258,26219.5,27871.5,25604.5,30170.5,21040,13950.5,12206,18768.5,9892.5,8876,6068,2233.5,502.5,72
2021,상당구,계,191016,12307.5,12093.5,10426.5,12598.5,10322,6747.5,5574.5,7465.5,4207.5,3258,2269,804,163,22
2021,상당구,여자,96128,5675,5534,5032,6266,5246,3588.5,3237.5,5045,2682.5,2362.5,1591,620.5,131,20
2021,서원구,계,192837,14195,13939.5,10551.5,11763.5,10569,6916,5521.5,7099.5,4004.5,3095,2218.5,699.5,161,16
2021,서원구,여자,97085.5,6712,6150,4932.5,5802,5517,3741.5,3166.5,4738.5,2478.5,2260,1552.5,557,136.5,14
2021,흥덕구,계,265450,17776.5,22918,19936,21132.5,11248,7001,5295,6833.5,3808,3025.5,2166,687,155.5,17
2021,흥덕구,여자,130796.5,8468,10129,9271.5,10141.5,5780.5,3640.5,3047,4649,2438,2211,1510,556,129.5,15.5
2021,청원구,계,193640.5,11461,14383.5,14321,16743,8688,5668,4730,6333,3603,2730,1951,624.5,128.5,26
2021,청원구,여자,94248,5364.5,6058.5,6368.5,7961,4496.5,2980,2755,4336,2293.5,2042.5,1414.5,500,105.5,22.5
2021,충주시,계,208716,11950.5,11980,10560,12406.5,13894,8960,8279,11514,6675.5,4838.5,3492,1079,242,25.5
2021,충주시,여자,103168.5,5219,4958,4643.5,5834,7078.5,4793.5,4747,7712.5,4197.5,3515,2478.5,830.5,184,22
2021,제천시,계,131574.5,7794,6681.5,5603,6972,10140.5,6490.5,5807.5,7300.5,4382,2918.5,2078,662,145.5,33
2021,제천시,여자,65493.5,3566.5,2831,2615.5,3345,5066,3401.5,3306,4766,2699,2067,1412.5,510,117,27.5
2021,보은군,계,31929.5,1293,1009,900,1192,3148,2343,2136,3663,1970,1693,1187,421,70.5,14.5
2021,보은군,여자,15832,537,401,393.5,555.5,1576.5,1179.5,1270.5,2491,1258,1233,833,328.5,57,14.5
2021,옥천군,계,50038,2369,1879.5,1583,2171,4539,3408.5,2929.5,4382,2293.5,2088.5,1493,488.5,95.5,11.5
2021,옥천군,여자,24798.5,1026,802.5,731,1069.5,2253,1681,1712.5,2956,1454.5,1501.5,1051,367,73,10.5
2021,영동군,계,46383,2474,1650,1364.5,1737.5,4225.5,3299,3116,4465.5,2546.5,1919,1390,426,89,14
2021,영동군,여자,23283.5,1145.5,666,637,823,2058.5,1760,1836,2988,1606.5,1381.5,966,331.5,72,12
2021,진천군,계,84099,4239.5,4959,5019.5,6398,4484,2983.5,2525,4042.5,2284,1758.5,1275,389,81,13.5
2021,진천군,여자,40008,1858,2017,2194,2945,2251.5,1500.5,1475,2733.5,1423.5,1310,919,310.5,71,9.5
2021,괴산군,계,38540.5,1627,1396.5,1108.5,1332,4022,2828.5,2578,3869.5,2199,1670.5,1194,384.5,76.5,15.5
2021,괴산군,여자,18714,690.5,551.5,466.5,597,1974,1368.5,1499,2568,1346.5,1221.5,849.5,299,61,12
2021,음성군,계,92015,4516,4767.5,4248,5073.5,6597,4312,3822.5,5469.5,3027.5,2442,1715,587.5,124,15.5
2021,음성군,여자,43290,1956.5,1941,1770,2274,3185,2179,2110.5,3688,1917,1771,1209.5,453,96.5,12
2021,단양군,계,28544.5,1151.5,989.5,843,1046.5,2821,2024,1795.5,2462.5,1433.5,1029,735,240.5,44,9.5
2021,단양군,여자,14065,488,402,369,504.5,1344,1059,1054,1627.5,892.5,735,513.5,180,34,7.5
2021,증평군,계,36462.5,2077.5,2373.5,2077.5,2481,2188,1415,1267.5,1699.5,977,722.5,538,152.5,29.5,2.5
2021,증평군,여자,17483.5,909,917,916,1105,1116.5,728.5,741,1141,602,539,398.5,113.5,25,2
2021,충청남도,계,2109102,118652.5,121380,118919,143807.5,122430.5,94898.5,76036,116784,63563,53221,38123,12150,2565.5,382.5
2021,충청남도,여자,1032008,54174,53282,54025,67192.5,62163.5,49326.5,43608.5,77693.5,39997.5,37696,26078,9219.5,2068,330.5
2021,천안시,계,655292.5,44984.5,50570,48581.5,54794,25597.5,17379.5,12887.5,17734,9954,7780,5482,1830,407.5,60.5
2021,천안시,여자,320901.5,21661.5,23658.5,22593,25820.5,12914,9167,7366.5,11908,6288.5,5619.5,3826,1412.5,329,52
2021,동남구,계,255095,17411.5,17437.5,14742.5,17538,12902,8897.5,6679,9368,5221.5,4146.5,2918,970.5,227,31
2021,동남구,여자,125963,8349.5,8050.5,6802.5,8473.5,6489.5,4623.5,3790,6228,3240,2988,2035.5,744,181,27.5
2021,서북구,계,400197.5,27573,33132.5,33839,37256,12695.5,8482,6208.5,8366,4732.5,3633.5,2564,859.5,180.5,29.5
2021,서북구,여자,194938.5,13312,15608,15790.5,17347,6424.5,4543.5,3576.5,5680,3048.5,2631.5,1790.5,668.5,148,24.5
2021,공주시,계,103222,5952.5,5097,4250,4905,8245,6233.5,5152.5,8259,4435,3824,2717,902,176,29
2021,공주시,여자,51645,2829,2171,1906,2342,4133,3123.5,3013.5,5454.5,2798,2656.5,1840.5,663.5,129,23.5
2021,보령시,계,98744,4888.5,4392.5,3979.5,5116,7751,6334,4909,7376,4075.5,3300.5,2333,774,168.5,25
2021,보령시,여자,48659,2053,1772,1776.5,2376.5,4022,3360,2827.5,4881.5,2536,2345.5,1589,593.5,142,21
2021,아산시,계,318707.5,17698.5,19236,20686.5,27442.5,13747,10145.5,7982.5,11275.5,6318,4957.5,3580.5,1124.5,217,35.5
2021,아산시,여자,153144,8003,8373.5,9590.5,12831,7074.5,5421,4614.5,7493,3940,3553,2471.5,878.5,172,31
2021,서산시,계,175452.5,9233,9818.5,10082.5,11704,9498,7722,6170.5,9592.5,5042.5,4550,3264.5,999.5,251.5,34.5
2021,서산시,여자,84031,3896,3820.5,4281,5388.5,4837,3923,3432,6412,3118,3294,2262.5,782,218.5,31
2021,논산시,계,114818.5,5786,5252.5,4857.5,5533.5,8945,7023,5853,9400.5,5094,4306.5,3086,993.5,194,33
2021,논산시,여자,57452.5,2540,2326,2209.5,2665.5,4485.5,3698.5,3404,6336.5,3295,3041.5,2123,737,155.5,26
2021,계룡시,계,42923.5,2801.5,2077,1792.5,2823,1908.5,1207.5,877.5,1298,676.5,621.5,438.5,145,35,3
2021,계룡시,여자,21550.5,1282.5,884,862,1443.5,965,614,520,898,439,459,313.5,114.5,28.5,2.5
2021,당진시,계,165942.5,7702.5,8181,9644,12539.5,9179.5,7435.5,5847.5,9296,5085,4211,3011.5,964.5,205,30
2021,당진시,여자,77737.5,3340,3248.5,4027.5,5472.5,4617,3791.5,3241.5,6121.5,3168,2953.5,2048,717.5,160,28
2021,금산군,계,50642.5,2121.5,1733.5,1515.5,2008.5,4559,3613,3171.5,4854.5,2730,2124.5,1551,459.5,105,9
2021,금산군,여자,25093,901,728.5,716.5,956,2263,1832.5,1848.5,3297.5,1786.5,1511,1067.5,352,84,7.5
2021,부여군,계,64136.5,2937.5,2279.5,1871,2344,6035.5,5016.5,4320.5,7443.5,3906.5,3537,2501,834,172,30
2021,부여군,여자,32312,1292.5,921,850.5,1079.5,3039.5,2654,2462.5,4927.5,2463,2464.5,1683,606.5,147.5,27.5
2021,서천군,계,50936.5,2030.5,1702,1460,1833.5,4882,4348,3632,6188,3260,2928,2041,735.5,131,20.5
2021,서천군,여자,25767,844,713,637,812,2557.5,2253.5,2143.5,4077,2044,2033,1354,556,104,19
2021,청양군,계,30560,1460,1116,936.5,1058.5,2860.5,2391,2073,3813.5,2007.5,1806,1330,400,67.5,8.5
2021,청양군,여자,15040.5,630,439.5,386,472,1379.5,1220,1198.5,2497.5,1274.5,1223,877.5,298.5,41,6
2021,홍성군,계,99197.5,5028,4460,4468,5757.5,6732.5,5555,4496,7400,3960.5,3439.5,2510.5,733.5,173,22.5
2021,홍성군,여자,49849,2281,1986,2105,2826.5,3480,2914.5,2622,4915,2508.5,2406.5,1707.5,545.5,134,19.5
2021,예산군,계,77010.5,3504.5,3120.5,2732,3167,6890.5,5622.5,4725.5,7591,4170,3421,2525,728.5,138.5,29
2021,예산군,여자,38343.5,1547,1319.5,1185.5,1451,3473,2921,2720,4968.5,2576,2392.5,1699,549.5,117.5,26.5
2021,태안군,계,61515.5,2523.5,2344,2062,2781,5599,4872,3937.5,5262,2848,2414,1751.5,526,124,12.5
2021,태안군,여자,30482,1073.5,920.5,898.5,1255.5,2923,2432.5,2194,3505.5,1762.5,1743,1215.5,412.5,105.5,9.5
2021,전라북도,계,1786321.5,109584.5,98803,82825.5,101654,112335.5,94562.5,74981.5,107781,59269.5,48511.5,34135.5,11741.5,2266.5,368
2021,전라북도,여자,897868.5,50565.5,45180,39488.5,49748,57520.5,50307.5,43941.5,73191,37936,35255,23980.5,9088,1864.5,322
2021,전주시,계,654810.5,47577.5,44965,37397,43668,32830,25848.5,18497.5,23085,13130,9955,7028,2407.5,455,64.5
2021,전주시,여자,332671.5,22786,21161,18204.5,21880,17313,14039.5,10546,15094.5,8041.5,7053,4784,1830.5,382.5,56
2021,완산구,계,336378.5,25369,23596.5,18628.5,20708,18115,14119,9908,12575.5,7030,5545.5,3880,1362.5,265,38
2021,완산구,여자,172641.5,12285,11301.5,9047,10362,9571.5,7628.5,5681,8318.5,4327,3991.5,2691.5,1041,226,33
2021,덕진구,계,318432,22208.5,21368.5,18768.5,22960,14715,11729.5,8589.5,10509.5,6100,4409.5,3148,1045,190,26.5
2021,덕진구,여자,160030,10501,9859.5,9157.5,11518,7741.5,6411,4865,6776,3714.5,3061.5,2092.5,789.5,156.5,23
2021,군산시,계,264798.5,15459,13783,12525.5,17196,16341,13251,9735,11941.5,6642.5,5299,3667.5,1342.5,250.5,38.5
2021,군산시,여자,130847,6977.5,6188.5,5903.5,8269.5,8286,6981,5574.5,8061,4181.5,3879.5,2580,1048.5,218,33
2021,익산시,계,278554,18925,16538,12613,15104,17469.5,13946.5,10559.5,14752,8005.5,6746.5,4694,1687.5,327.5,37.5
2021,익산시,여자,139884,8729,7459,5837.5,7345.5,8943,7366.5,6130,10138.5,5218,4920.5,3311.5,1305.5,270.5,33
2021,정읍시,계,106739.5,5772,4593,3825.5,4733.5,7489,7040,6096.5,9516,5141,4375,3160.5,1000,177.5,37
2021,정읍시,여자,53711.5,2602,2024,1770,2223.5,3941,3715.5,3701,6522.5,3305,3217.5,2249.5,790,144,34
2021,남원시,계,79729,4100,3320.5,2748,3429.5,5878,5299.5,4422.5,7279.5,3911.5,3368,2346.5,800,193,28.5
2021,남원시,여자,40631,1777.5,1501.5,1333.5,1682,2966.5,2881,2721,4998.5,2537.5,2461,1673.5,614.5,149,24
2021,김제시,계,81168,3697,3363,2775.5,3578,6598,6095.5,5166,8551.5,4456.5,4095,2853.5,1015.5,193.5,32.5
2021,김제시,여자,40883,1612,1502.5,1299,1671.5,3343,3246,3060.5,5963.5,2935,3028.5,2069,786.5,145.5,27.5
2021,완주군,계,90960,4516.5,4301.5,3871.5,5203,6241.5,5141,4106,6218,3356,2862,2010,696,133,23
2021,완주군,여자,44200,1974,1911.5,1830.5,2551,3005.5,2562,2375.5,4223.5,2157,2066.5,1399.5,537.5,112,17.5
2021,진안군,계,25059,1033,853,691.5,864,2243,2006.5,1766,2925,1589.5,1335.5,954.5,306.5,65.5,9
2021,진안군,여자,12368.5,445,363.5,353,443.5,1071,1037,989.5,1996,1030,966,669.5,237,50.5,9
2021,무주군,계,23810.5,911,826.5,761,894,2043,1676.5,1633,2737,1523.5,1213.5,860.5,274.5,59,19.5
2021,무주군,여자,11956.5,398,379,333.5,404,1009,912,1006,1830,961,869,592,212,48.5,16.5
2021,장수군,계,21823,879,725.5,663,806.5,2012.5,1645,1456,2501,1372,1129,816,249,53.5,10.5
2021,장수군,여자,10948.5,395.5,303.5,325.5,384.5,1007.5,839.5,888.5,1713.5,916.5,797,558.5,186.5,42.5,9.5
2021,임실군,계,26876.5,1004.5,983,896,963,2273.5,2246.5,1989,3477,1924.5,1552.5,1098.5,380,60,14
2021,임실군,여자,13106.5,408,408.5,401,432,1061.5,1176,1173,2366.5,1256,1110.5,763.5,286,50,11
2021,순창군,계,27208.5,1116,871,817,1051,2172.5,2039,2010,3204.5,1840,1364.5,956,325,70,13.5
2021,순창군,여자,13905,489.5,382,423,529,1105,1113,1266.5,2194.5,1220,974.5,667,237,57.5,13
2021,고창군,계,53647.5,2293.5,1854.5,1623,2050,4377,4231.5,3983,6254,3435.5,2818.5,1945.5,708,143,22
2021,고창군,여자,27041.5,965.5,806,760.5,930.5,2247.5,2237,2394,4385,2270.5,2114.5,1393,576,124.5,21
2021,부안군,계,51137,2300.5,1825.5,1618,2113.5,4367,4095.5,3561.5,5339,2941.5,2397.5,1744.5,549.5,85.5,18
2021,부안군,여자,25714,1006,789.5,713.5,1001.5,2221,2201.5,2115.5,3703.5,1906.5,1797,1270,440.5,69.5,17
2021,전라남도,계,1833020.5,103290.5,93381,79697,101498,118072.5,103131.5,87982,129093.5,73824,55269.5,38416,13524.5,2904.5,424.5
2021,전라남도,여자,910990.5,45706.5,41030,37594.5,48215.5,59489.5,54374.5,52355,90263.5,48629.5,41634,28044.5,10760,2452,377.5
2021,목포시,계,220005,14509,12070,10028,14498.5,12184.5,10016,7666,8297,5075,3222,2262.5,772.5,167,20
2021,목포시,여자,110500,6599.5,5612.5,4865.5,7024.5,6427,5435.5,4406.5,5613,3222,2391,1620,610.5,143.5,17
2021,여수시,계,277234,17031,16084.5,13402.5,16775.5,17820,14440.5,10279.5,12639,7327.5,5311.5,3630.5,1351,292,38
2021,여수시,여자,135841.5,7540.5,6758.5,6091.5,7870,9037.5,7466,5893,8649,4646.5,4002.5,2611,1103,254.5,34
2021,순천시,계,280802.5,19180,17913.5,14847.5,17948,13916.5,10894.5,8183,12053,6634,5419,3755.5,1321.5,294,48
2021,순천시,여자,140677,8768,8182.5,7093.5,8828.5,6930,5679,4796.5,8319,4268.5,4050.5,2710.5,1043,251.5,45.5
2021,나주시,계,115642.5,5634,6644,6603.5,7851.5,6998,5983.5,5408,7817,4423,3394,2347,854.5,165,27.5
2021,나주시,여자,57331.5,2615,3174,3173,3731,3502.5,3138.5,3252,5537,2984.5,2552.5,1722.5,685,122.5,22.5
2021,광양시,계,150676.5,10140.5,9560.5,8224.5,9993.5,6737,4878,3371.5,5535.5,3032.5,2503,1696,644.5,149.5,13
2021,광양시,여자,72047,4323,3901,3771,4669,3203,2496,2030.5,3900.5,1989.5,1911,1235.5,529.5,134,12
2021,담양군,계,45948,2474,2201.5,1634,1933.5,3687,3283.5,2934,4560.5,2590.5,1970,1349,490.5,106.5,24
2021,담양군,여자,22605,980.5,929.5,804,914,1826,1686,1742,3137.5,1689.5,1448,967.5,375,83,22.5
2021,곡성군,계,27619,1226.5,1046.5,744,905.5,2208,2145.5,2035.5,3780.5,2042.5,1738,1190.5,434,100.5,13
2021,곡성군,여자,14061.5,565.5,463,351,418,1093.5,1138.5,1243,2671.5,1366,1305.5,858.5,350.5,86,10.5
2021,구례군,계,25369,1073,854.5,675,912.5,2083.5,1929.5,1900,2988,1708.5,1279.5,879,327.5,59.5,13.5
2021,구례군,여자,13006.5,475,386,349,406,1086.5,1030,1183,2065.5,1124.5,941,624,255,49.5,12.5
2021,고흥군,계,63030,2309.5,1682.5,1523.5,1987,5971.5,6038.5,5340.5,8976,4918,4058,2750,1033.5,234,40.5
2021,고흥군,여자,32368.5,969,681.5,699.5,902.5,3061,3243.5,3192,6309,3273.5,3035.5,2002,798.5,200,35
2021,보성군,계,39667.5,1642,1213.5,1062.5,1332,3485.5,3358,3147,5580,3101.5,2478.5,1712.5,613,132,21
2021,보성군,여자,20294,712.5,514,485,627.5,1762,1781,1923.5,3905,2044.5,1860.5,1254.5,480,109,17
2021,화순군,계,62230.5,3734,3008.5,2140.5,2523.5,4093.5,3709,3618.5,5495,3159,2336,1650,547,124,15
2021,화순군,여자,31487,1711,1379,1026.5,1252,1997,1989,2269,3879,2136,1743,1209.5,420.5,99,14
2021,장흥군,계,36939.5,1649.5,1318,1181,1447,2932.5,2810.5,2568.5,4590,2477,2113,1459.5,528,114,11.5
2021,장흥군,여자,18967,713,579.5,571.5,661,1502.5,1534.5,1543.5,3247,1640.5,1606.5,1079,422.5,95.5,9.5
2021,강진군,계,33967,1543.5,1235.5,1040.5,1286,2716,2663.5,2464,4187.5,2387,1800.5,1234.5,485.5,72.5,8
2021,강진군,여자,17517,681.5,529.5,499,625,1382.5,1444.5,1466.5,2978.5,1596,1382.5,920.5,399,57.5,5.5
2021,해남군,계,67596.5,3042,2404.5,2096.5,2702,5448,5124.5,4778,6953,4072,2881,2015,701,142.5,22.5
2021,해남군,여자,34155,1294,1074,975.5,1283.5,2812.5,2704,2878,4907.5,2677.5,2230,1513.5,571,123,22.5
2021,영암군,계,52934,2815,2156,1878,2689.5,3559,3157,3034.5,4659,2659.5,1999.5,1440.5,455.5,94,9.5
2021,영암군,여자,25565.5,1185,886.5,885,1211,1793.5,1705,1851,3277.5,1787,1490.5,1037,370,75.5,8
2021,무안군,계,88307.5,4765.5,4377.5,4342,6334,4850,4225.5,3654.5,4954,2875.5,2078.5,1452.5,505,103,18
2021,무안군,여자,43958.5,2148,2069.5,2131,3140.5,2469.5,2175.5,2147.5,3541.5,1948,1593.5,1065,417,95,16.5
2021,함평군,계,31422,1313.5,1092,899,1058.5,2703,2518,2488.5,4023.5,2331,1692.5,1178,416.5,88,10
2021,함평군,여자,15618.5,569,412.5,410,496,1355,1350.5,1547,2847,1569,1278,879,313,76,10
2021,영광군,계,52184.5,2497,2317.5,2225,2472.5,3777.5,3637.5,3384,4660.5,2767,1893.5,1340.5,429.5,101.5,22
2021,영광군,여자,26122,1056.5,1037,1092,1184,1940.5,1965,2029,3286,1858.5,1427.5,984,329.5,92,22
2021,장성군,계,43636.5,1965.5,2102,1555,1934.5,3265.5,3039,2756,4325.5,2452.5,1873,1352.5,410.5,96,14
2021,장성군,여자,21264.5,830,815,729.5,897,1596,1614.5,1618.5,2985,1613.5,1371.5,966.5,316.5,76.5,12
2021,완도군,계,49051,1991,1662,1523,2256.5,3848,3774.5,3575.5,5107,3058.5,2048.5,1437,481,114,16.5
2021,완도군,여자,24378.5,826.5,684,702.5,1026.5,1927,1999,2081.5,3559,2004.5,1554.5,1056,383.5,100.5,14.5
2021,진도군,계,30477,1380.5,1167,951,1231,2329,2317,2300,3372,2029.5,1342.5,955,314.5,63.5,9.5
2021,진도군,여자,15387.5,584.5,483.5,459.5,547,1171.5,1207.5,1432.5,2418,1371.5,1046.5,726,257.5,53.5,9.5
2021,신안군,계,38280.5,1374,1269.5,1120.5,1425.5,3459,3188,3095,4540,2702.5,1837.5,1328.5,408,91.5,9.5
2021,신안군,여자,17837,559,477.5,429.5,501,1613,1591.5,1829,3230.5,1818.5,1412,1002.5,330,74.5,5
2021,경상북도,계,2619827.5,142350,136969,127660,155956,182997.5,134621.5,107183.5,157202.5,88611.5,68591,48880.5,15978.5,3241.5,490.5
2021,경상북도,여자,1300116,62364.5,58758,57671.5,74426,93695.5,70296,63107.5,108026.5,57419,50607.5,34834.5,12610.5,2718,444.5
2021,포항시,계,501057.5,28450,27937.5,25641,32625.5,34595,22405.5,15192.5,18041,10521.5,7519.5,5280,1816,369.5,54
2021,포항시,여자,247506,12380,11579,11548.5,15765.5,17464,11361,8565,12402,6701,5701,3856,1488.5,306.5,50
2021,남구,계,229480.5,12948.5,13383.5,11599,14649.5,16253.5,10540,6985.5,7875,4663.5,3211.5,2274.5,747.5,163.5,26
2021,남구,여자,110991.5,5411.5,5277.5,5034.5,6952,8121,5309.5,3842,5433,2968,2465,1677,628.5,135.5,24
2021,북구,계,271577,15501.5,14554,14042,17976,18341.5,11865.5,8207,10166,5858,4308,3005.5,1068.5,206,28
2021,북구,여자,136514.5,6968.5,6301.5,6514,8813.5,9343,6051.5,4723,6969,3733,3236,2179,860,171,26
2021,경주시,계,251308,13758,12469,11345.5,13485.5,18467,13837.5,10828,15028,8510,6518,4706.5,1477.5,291,43
2021,경주시,여자,125514.5,6073,5348.5,5114.5,6451,9558,7357,6328.5,10497.5,5630,4867.5,3397,1191,241,38.5
2021,김천시,계,139800,7362.5,6993,6609.5,8124.5,10048.5,7498.5,5920,9494.5,5276,4218.5,2986,1028,178,26.5
2021,김천시,여자,69683.5,3295.5,3017.5,3031.5,3940.5,5239,3975.5,3556.5,6519,3454,3065,2097,792,150,26
2021,안동시,계,157300.5,8465,8038.5,6933,8228,11696.5,8822,7769.5,11289.5,6271.5,5018,3522.5,1198,262.5,35
2021,안동시,여자,79498.5,3895,3608,3240,4019,6229.5,4588.5,4559.5,7593,3957.5,3635.5,2449.5,948,210,28
2021,구미시,계,412773.5,26734,28664,29025.5,34965,15502.5,9445.5,6755,9401.5,5226,4175.5,2963,971,211,30.5
2021,구미시,여자,200965.5,11597,12910,13226,16653,7756.5,4949,4088,6629,3480.5,3148.5,2151,786,182.5,29
2021,영주시,계,102053.5,5290.5,4232.5,3642.5,4623,8563.5,6419,5374,8054,4543.5,3510.5,2422.5,849,195.5,43.5
2021,영주시,여자,51432.5,2218.5,1729,1597.5,2246.5,4549.5,3353.5,3113.5,5371.5,2817,2554.5,1698,653.5,166.5,36.5
2021,영천시,계,101439.5,5102.5,4778,4345.5,4909,8707.5,6967,5627.5,7948,4584.5,3363.5,2523,716,108,16.5
2021,영천시,여자,49911.5,2070,1990.5,1987,2231,4437.5,3569.5,3343.5,5427.5,2984.5,2443,1799,542,88.5,13.5
2021,상주시,계,95902.5,4483,3398.5,3130.5,4048,8372.5,6763,5704.5,9820,5416.5,4403.5,3056,1055.5,256.5,35.5
2021,상주시,여자,48861.5,1899.5,1412,1438,1874,4363.5,3572.5,3458.5,6906,3615,3291,2192,853,213.5,32.5
2021,문경시,계,70757,3533.5,2626.5,2373.5,3149.5,6173,4936.5,4226.5,6463.5,3679.5,2784,1930.5,669,156.5,28
2021,문경시,여자,36007,1554.5,1125,1092,1513.5,3238.5,2641.5,2530,4490,2388.5,2101.5,1415,529.5,134,23
2021,경산시,계,264627,18116.5,18011.5,15389.5,17498,15296.5,11415,8352,10711,6310.5,4400.5,3219,989,171,21.5
2021,경산시,여자,131596.5,8530,7840,6900.5,8320,7992,6173,4803,7176.5,4025.5,3151,2229.5,753.5,148,20
2021,군위군,계,22981,732,712,593.5,657.5,2558.5,2122,1874.5,3002,1683,1319,971,293.5,45.5,9
2021,군위군,여자,11208.5,302.5,267,224,299.5,1231,1063.5,1079,2028,1079.5,948.5,669,231,39.5,9
2021,의성군,계,50814.5,1481.5,1503,1430.5,1637.5,5652,4601,4264,7037.5,3919,3118.5,2279.5,696.5,125.5,17
2021,의성군,여자,25935.5,633,630,612.5,746,2864,2454.5,2529.5,4825.5,2544.5,2281,1622,534,108,17
2021,청송군,계,24679.5,807.5,819.5,744,868.5,2580.5,2090,1895.5,2848.5,1643,1205.5,875,272,48,10.5
2021,청송군,여자,12354.5,355,284,282,388.5,1302.5,1072,1147,1900.5,1054,846.5,581,212.5,43.5,9.5
2021,영양군,계,16403.5,571.5,531,483.5,523,1625.5,1291.5,1334,1999.5,1155.5,844,576,212,44,12
2021,영양군,여자,8237.5,232,229.5,217,240.5,806,677.5,807,1367.5,735,632.5,426,162,34.5,10
2021,영덕군,계,35538,1210.5,1107,963,1286.5,3516.5,2922,2899,4387.5,2521,1866.5,1316.5,437.5,97.5,15
2021,영덕군,여자,18667,518,445,449.5,627.5,1867,1603.5,1846.5,3097,1688.5,1408.5,957.5,356,81,14
2021,청도군,계,41837.5,1420,1293,1166,1478.5,4595,3772.5,2834.5,4967.5,2664,2303.5,1675.5,517.5,101.5,9
2021,청도군,여자,21270.5,583.5,530,512.5,714,2325,1928,1650.5,3466.5,1742,1724.5,1221,412.5,82,9
2021,고령군,계,30839,1324.5,1091.5,944.5,1196.5,2893.5,2260,1845,3016.5,1708.5,1308,979,270.5,54,4.5
2021,고령군,여자,15003.5,557.5,448.5,411,554.5,1395,1172.5,1101,2054.5,1122,932.5,681,206,42,3.5
2021,성주군,계,42900,1651.5,1708,1498,1693,4227,3417.5,2448.5,4033,2174,1859,1349,419.5,80,10.5
2021,성주군,여자,20666,683.5,669,656.5,787,2076,1745,1379.5,2770.5,1381.5,1389,988.5,322.5,68.5,9.5
2021,칠곡군,계,113556.5,6098.5,5671,5971,8250,5836,4190,3424.5,5132,2882,2250,1607.5,520,108.5,14
2021,칠곡군,여자,54375,2536,2515,2702,3799,2935,2154.5,2096,3522,1910.5,1611.5,1114,393,91.5,13
2021,예천군,계,55464,2061.5,1997,2310,3033,4495.5,3556.5,3213,5712,3106.5,2605.5,1903,570.5,109,23
2021,예천군,여자,28188,897,872,1112,1540,2295.5,1878.5,1871.5,3882.5,1975.5,1907,1336,465.5,83,22.5
2021,봉화군,계,30870.5,1038.5,869,800.5,1027.5,3175,2466.5,2203.5,3748,2067,1681,1166,395,102,18
2021,봉화군,여자,15291,426,349,338.5,487,1523,1239.5,1314,2505.5,1313,1192.5,794,290.5,91,17
2021,울진군,계,48077.5,2268,2089,1966,2194.5,3676,2848,2742,4510,2437,2073,1402.5,545,113.5,12
2021,울진군,여자,23932.5,960,810.5,841.5,1037,1893.5,1471.5,1683.5,3237.5,1631.5,1606,1047,444,103.5,11.5
2021,울릉군,계,8847,389,429,353.5,454,744,574.5,456,557.5,311.5,246,171,60,13,2
2021,울릉군,여자,4009.5,167.5,149,137,191.5,354,294.5,256.5,357,188,169,113.5,44,9.5,2
2021,경상남도,계,3311248.5,188327,181409.5,169695.5,218062.5,199239.5,140810.5,105463.5,145466.5,82729,62737.5,44725,14814,2832.5,366
2021,경상남도,여자,1644741,83287.5,80371.5,79401,105469,101542.5,74497.5,62055.5,101967.5,54487.5,47480,32804,11957.5,2408,310.5
2021,진주시,계,346380.5,22857.5,21913,18915.5,22126.5,19837,14599,11018,14600,8306.5,6293.5,4463.5,1473.5,309.5,47
2021,진주시,여자,175134.5,10425.5,9738,8860.5,11120,10496,7977,6423.5,10296,5469.5,4826.5,3318,1205,262,41.5
2021,통영시,계,126111.5,5931.5,4887,5099.5,7876,8959,6471,4673.5,5528,3263.5,2264.5,1618.5,536.5,99.5,10
2021,통영시,여자,62814,2559.5,2230,2450,3856,4596,3357.5,2723.5,3880.5,2171,1709.5,1182.5,431,87,9
2021,사천시,계,109887,5336.5,5163,4922.5,6526.5,7484.5,5920,4741,6739.5,3821.5,2918,2064.5,699,136.5,18
2021,사천시,여자,54469.5,2228.5,1998,2145.5,3108.5,3888,3210.5,2870,4773.5,2529.5,2244,1527,578,125,14
2021,김해시,계,537685,35142.5,32564,29511,38089.5,23422.5,15553.5,11048.5,13216.5,7849.5,5367,3912.5,1219,208.5,27
2021,김해시,여자,265863,15860.5,14915.5,14045,18652,11781.5,8424.5,6514.5,9274.5,5208.5,4066,2879,990,176,21
2021,밀양시,계,103474.5,4630.5,4261,3749.5,4824.5,9651.5,7123,5556,7920.5,4480,3440.5,2524.5,764,131.5,20.5
2021,밀양시,여자,52679.5,2001.5,1737.5,1733.5,2315,4970,3825,3287,5626.5,3040.5,2586,1842.5,613,115,15.5
2021,거제시,계,242384.5,12825.5,10683,12954,21596.5,10780,6636.5,4414.5,5891,3178.5,2712.5,1887.5,671,133,21
2021,거제시,여자,115428,5463.5,4744,6234,10225.5,5295,3236,2546,4209.5,2113,2096.5,1399,568.5,112.5,16.5
2021,양산시,계,352203,19314,20691,20834,27264.5,18260.5,12494.5,8993.5,10288,6187.5,4100.5,2949.5,934.5,193,23.5
2021,양산시,여자,175770,8836,9703.5,10138,13268,9462,6699,5105,6870,3926,2944,2032,728.5,163.5,20
2021,통합창원시,계,1029442.5,62517,64923,59640,71672.5,59768.5,38639,25614,30604.5,17908.5,12696,9117.5,2953,562.5,63
2021,통합창원시,여자,508011.5,27661.5,28602,27508,34248,30468.5,20170.5,14491,20927,11417.5,9509.5,6586.5,2398.5,472,52.5
2021,의창구,계,224205.5,14322.5,15163.5,13642.5,15998,12355.5,7390.5,4718,5966.5,3402,2564.5,1830.5,608.5,107.5,18
2021,의창구,여자,110075.5,6360,6673,6307,7656,6158.5,3690.5,2646,4198.5,2250.5,1948,1339.5,501,92,15.5
2021,성산구,계,247225.5,17569,19264.5,16871,16888,10113.5,5420,3135,4114.5,2263.5,1851,1299.5,451,93,7.5
2021,성산구,여자,121185.5,7724.5,8530,7608.5,8129,4862,2666,1757,2972.5,1527.5,1445,988.5,377.5,74,5
2021,마산합포구,계,177058.5,9518,9319,8934.5,11829,13667.5,9801,6863,8251,4806.5,3444.5,2426,837,166,15.5
2021,마산합포구,여자,88954,4245,4175.5,4194,5585,7213.5,5255.5,3928,5626.5,3055,2571.5,1752.5,667,139.5,12.5
2021,마산회원구,계,187892.5,10954,10706.5,9292.5,11598,13234.5,9081,5882.5,6146,3825,2321,1721.5,490,96.5,13
2021,마산회원구,여자,93715.5,4868,4797.5,4307.5,5529,6916.5,4889.5,3268.5,4064,2347.5,1716.5,1221,402,82,11.5
2021,진해구,계,193060.5,10153.5,10469.5,10899.5,15359.5,10397.5,6946.5,5015.5,6126.5,3611.5,2515,1840,566.5,99.5,9
2021,진해구,여자,94081,4464,4426,5091,7349,5318,3669,2891.5,4065.5,2237,1828.5,1285,451,84.5,8
2021,의령군,계,26455.5,995.5,946,762.5,906,2535.5,2008.5,1890,3562,1913,1649,1177,394.5,69.5,8
2021,의령군,여자,13458.5,437.5,392.5,348.5,428.5,1219,1060,1212.5,2567.5,1297,1270.5,895,311.5,57.5,6.5
2021,함안군,계,63026,2825.5,2448.5,2232,3050.5,4948.5,3683.5,2958.5,4732,2648.5,2083.5,1499,500,76.5,8
2021,함안군,여자,30992.5,1198.5,977.5,1045,1532,2423,1864,1815,3380,1790.5,1589.5,1114.5,407,61,7
2021,창녕군,계,60342.5,2390.5,2281.5,2174,2660.5,5525.5,4309.5,3680.5,5745.5,3255,2490.5,1805,591.5,79.5,14.5
2021,창녕군,여자,30302.5,1027.5,951.5,927.5,1252,2809.5,2245,2252,4108,2201.5,1906.5,1336,485,71,14.5
2021,고성군,계,50644.5,2068.5,1715.5,1454,2146.5,4543.5,3671.5,3047.5,4980.5,2668.5,2312,1635,563.5,101,12.5
2021,고성군,여자,25253,852,702.5,633.5,974.5,2318.5,1910,1815.5,3537,1774,1763,1205.5,458.5,87,12
2021,남해군,계,42400.5,1827,1336,1054,1308.5,3879,3555,3058.5,5805.5,2995,2810.5,1923,708,169,10.5
2021,남해군,여자,21924.5,695,520.5,492.5,634.5,2024,1864.5,1835,4154.5,1988,2166.5,1438,569.5,149.5,9.5
2021,하동군,계,43882.5,1801,1439.5,1225,1398.5,4050.5,3328,2982,5220.5,2788,2432.5,1659.5,636,122.5,14.5
2021,하동군,여자,21950,720.5,586.5,514,650.5,1996,1757.5,1791.5,3706,1862.5,1843.5,1228,494,109,12.5
2021,산청군,계,34377.5,1295.5,1059,915,1094.5,3430.5,2705.5,2496.5,4300.5,2340.5,1960,1381,465,102,12
2021,산청군,여자,17455,570.5,440.5,413.5,506,1641,1365,1534,3089,1583.5,1505.5,1038,372.5,84.5,10.5
2021,함양군,계,38444,1639,1338.5,1078,1420,3384.5,2823.5,2590,4495.5,2533,1962.5,1357,487,105,13.5
2021,함양군,여자,19858,708.5,572,501.5,705,1690,1541.5,1637,3191.5,1666.5,1525,1037,392.5,84.5,11
2021,거창군,계,61002,3353.5,2447,2130,2718.5,4597,3665.5,3267.5,5685.5,3156,2529.5,1755,631.5,120,23
2021,거창군,여자,31119,1351.5,1030.5,961,1370.5,2368,2017.5,2039.5,3960,2103.5,1856.5,1257,489,91.5,19
2021,합천군,계,43105,1576,1313,1045,1382.5,4181.5,3623.5,3433.5,6151,3436,2715,1995.5,586.5,113.5,19.5
2021,합천군,여자,22258,689.5,529,449.5,622.5,2096.5,1972.5,2163,4416.5,2345,2071.5,1488.5,465.5,99.5,18
2021,제주특별자치도,계,670992.5,40498,41100,35527,45845.5,33322,25198,20056,28612,15302,13310,9082.5,3138.5,917,172
2021,제주특별자치도,여자,334313,18988.5,19490,17470.5,22891.5,17043,13365,11285,19785,9642,10143,6528,2615,838,162
2021,제주시,계,489241,30999,31744.5,27222.5,34549.5,22704,16736,13164,18758,9983,8775,5881,2148,638,108
2021,제주시,여자,244352.5,14607,15147,13380.5,17205,11601.5,8938.5,7412,13000.5,6297,6703.5,4230,1784,588.5,101
2021,서귀포시,계,181751.5,9499,9355.5,8304.5,11296,10618,8462,6892,9854,5319,4535,3201.5,990.5,279,64
2021,서귀포시,여자,89960.5,4381.5,4343,4090,5686.5,5441.5,4426.5,3873,6784.5,3345,3439.5,2298,831,249.5,61
